engine,stage,n_total,n_train,n_test,accuracy,macro_f1
easyocr,diacritization,459,367,92,0.34782608695652173,0.18069834213207372
easyocr,normalization,459,367,92,0.4891304347826087,0.29411764705882354
easyocr,ocr,459,367,92,0.45652173913043476,0.3636363636363636
tesseract,diacritization,458,366,92,0.10869565217391304,0.11029533008756627
tesseract,normalization,458,366,92,0.532608695652174,0.3357048748353096
tesseract,ocr,458,366,92,0.31521739130434784,0.15977961432506887
